{
    "accuracy": 0.704155739358483,
    "precision": 0.753698016996922,
    "recall": 0.704155739358483,
    "f1_score": 0.7027563006783706,
    "time_consumed": 34482.96820664406,
    "cpu_energy": 0.0,
    "gpu_energy": 0.0
}