{
    "accuracy": 0.7020997375328084,
    "precision": 0.745735923005087,
    "recall": 0.7020997375328084,
    "f1_score": 0.7007941876292483,
    "time_consumed": 34179.59618330002,
    "cpu_energy": 0.0,
    "gpu_energy": 0.0
}