{
    "accuracy": 0.6867749419953596,
    "precision": 0.7405385663185778,
    "recall": 0.6867749419953596,
    "f1_score": 0.6865846898357411,
    "time_consumed": 32893.87923336029,
    "cpu_energy": 0.0,
    "gpu_energy": 0.0
}