{
    "accuracy": 0.638557867097556,
    "precision": 0.7036506608822798,
    "recall": 0.638557867097556,
    "f1_score": 0.640884074319445,
    "time_consumed": 32201.056185007095,
    "cpu_energy": 0.0,
    "gpu_energy": 0.0
}