{
    "accuracy": 0.6517739816031537,
    "precision": 0.7176811290059603,
    "recall": 0.6517739816031537,
    "f1_score": 0.6535468571262294,
    "time_consumed": 35537.1063477993,
    "cpu_energy": 0.0,
    "gpu_energy": 0.0
}